Cod_IBGE;Grande região;Município;casos_20;obitos_20;casos_21;obitos_21
3500105;Interior;Adamantina;1,89E+03;5,02E+01;1,03E+04;3,86E+02
3500204;Interior;Adolfo;4,32E+03;1,45E+02;1,38E+04;4,06E+02
3500303;Interior;Aguaí;1,58E+03;3,09E+01;8,66E+03;2,86E+02
3500402;Interior;Águas da Prata;1,33E+03;6,41E+01;7,44E+03;3,08E+02
3500501;Interior;Águas de Lindóia;1,69E+03;4,35E+01;9,82E+03;2,45E+02
3500550;Interior;Águas de Santa Bárbara;8,09E+02;1,69E+01;9,43E+03;3,03E+02
3500600;Interior;Águas de São Pedro;2,66E+03;6,41E+01;1,21E+04;3,20E+02
3500709;Interior;Agudos;2,82E+03;4,98E+01;1,04E+04;2,57E+02
3500758;Interior;Alambari;2,25E+03;6,92E+01;9,62E+03;1,38E+02
3500808;Interior;Alfredo Marcondes;2,62E+03;7,64E+01;4,58E+03;3,06E+02
3500907;Interior;Altair;1,36E+03;9,91E+01;6,37E+03;3,22E+02
3501004;Interior;Altinópolis;1,70E+03;5,14E+01;4,94E+03;3,02E+02
3501103;Interior;Alto Alegre;2,96E+03;7,47E+01;7,05E+03;4,73E+02
3501152;Interior;Alumínio;2,34E+03;7,23E+01;6,75E+03;2,23E+02
3501202;Interior;Álvares Florence;2,93E+03;1,66E+02;1,44E+04;2,76E+02
3501301;Interior;Álvares Machado;1,74E+03;5,46E+01;8,83E+03;2,82E+02
3501400;Interior;Álvaro de Carvalho;8,33E+02;7,93E+01;4,96E+03;9,91E+01
3501509;Interior;Alvinlândia;1,13E+03;0,00E+00;3,43E+03;2,83E+02
3501608;Interior;Americana;3,43E+03;9,08E+01;8,25E+03;2,74E+02
3501707;Interior;Américo Brasiliense;2,61E+03;4,47E+01;8,19E+03;2,01E+02
3501806;Interior;Américo de Campos;6,57E+03;2,09E+02;1,39E+04;4,01E+02
3501905;Interior;Amparo;2,29E+03;5,31E+01;9,06E+03;2,64E+02
3502002;Interior;Analândia;1,03E+03;4,12E+01;7,05E+03;6,19E+01
3502101;Interior;Andradina;3,86E+03;1,46E+02;8,49E+03;3,55E+02
3502200;Interior;Angatuba;1,67E+03;4,90E+01;1,13E+04;2,69E+02
3502309;Interior;Anhembi;4,95E+02;1,50E+01;4,50E+03;1,50E+02
3502408;Interior;Anhumas;3,33E+03;0,00E+00;6,38E+03;1,77E+02
3502507;Interior;Aparecida;2,00E+03;5,60E+01;6,11E+03;2,69E+02
3502606;Interior;Aparecida d'Oeste;8,11E+03;2,18E+02;1,25E+04;3,15E+02
3502705;Interior;Apiaí;1,00E+03;3,65E+01;6,22E+03;3,53E+02
3502754;Interior;Araçariguama;2,51E+03;5,24E+01;8,07E+03;3,00E+02
3502804;Interior;Araçatuba;5,44E+03;1,08E+02;1,06E+04;3,83E+02
3502903;Interior;Araçoiaba da Serra;2,68E+03;5,87E+01;6,89E+03;2,22E+02
3503000;Interior;Aramina;2,49E+03;9,10E+01;4,18E+03;2,37E+02
3503109;Interior;Arandu;1,12E+03;6,49E+01;9,54E+03;2,76E+02
3503158;Interior;Arapeí;9,71E+02;4,05E+01;9,63E+03;1,21E+02
3503208;Interior;Araraquara;3,43E+03;3,95E+01;7,17E+03;1,99E+02
3503307;Interior;Araras;4,57E+03;6,79E+01;9,59E+03;2,39E+02
3503356;Interior;Arco-Íris;1,10E+03;5,51E+01;8,65E+03;3,85E+02
3503406;Interior;Arealva;2,61E+03;2,44E+01;9,72E+03;2,32E+02
3503505;Interior;Areias;1,51E+03;0,00E+00;7,62E+03;5,20E+01
3503604;Interior;Areiópolis;1,68E+03;3,68E+01;1,14E+04;1,75E+02
3503703;Interior;Ariranha;2,22E+03;1,07E+02;8,68E+03;2,15E+02
3503802;Interior;Artur Nogueira;2,77E+03;7,41E+01;7,91E+03;2,01E+02
3503901;RMSP (exceto capital);Arujá;3,23E+03;1,26E+02;6,54E+03;2,56E+02
3503950;Interior;Aspásia;3,23E+03;1,13E+02;8,84E+03;3,97E+02
3504008;Interior;Assis;2,22E+03;3,75E+01;1,05E+04;3,73E+02
3504107;Interior;Atibaia;2,40E+03;5,30E+01;6,73E+03;1,57E+02
3504206;Interior;Auriflama;4,89E+03;9,67E+01;9,74E+03;4,35E+02
3504305;Interior;Avaí;2,65E+03;5,67E+01;6,68E+03;1,89E+02
3504404;Interior;Avanhandava;2,21E+03;6,60E+01;7,95E+03;2,97E+02
3504503;Interior;Avaré;1,47E+03;2,40E+01;1,21E+04;2,97E+02
3504602;Interior;Bady Bassitt;7,21E+03;1,41E+02;1,84E+04;3,80E+02
3504701;Interior;Balbinos;6,91E+03;8,10E+01;3,05E+03;2,70E+01
3504800;Interior;Bálsamo;7,30E+03;3,17E+02;1,40E+04;4,69E+02
3504909;Interior;Bananal;1,77E+03;9,39E+00;8,87E+03;2,82E+01
3505005;Interior;Barão de Antonina;7,39E+02;2,96E+01;1,46E+04;2,96E+02
3505104;Interior;Barbosa;2,14E+03;2,75E+01;8,55E+03;2,61E+02
3505203;Interior;Bariri;3,85E+03;8,83E+01;5,61E+03;3,06E+02
3505302;Interior;Barra Bonita;3,46E+03;7,73E+01;1,04E+04;2,58E+02
3505351;Interior;Barra do Chapéu;1,18E+03;0,00E+00;7,00E+03;1,99E+02
3505401;Interior;Barra do Turvo;2,85E+03;7,81E+01;6,74E+03;2,21E+02
3505500;Interior;Barretos;5,07E+03;1,29E+02;1,00E+04;3,72E+02
3505609;Interior;Barrinha;2,56E+03;1,05E+02;2,72E+03;1,18E+02
3505708;RMSP (exceto capital);Barueri;4,33E+03;1,68E+02;9,18E+03;2,74E+02
3505807;Interior;Bastos;1,22E+03;3,45E+01;9,41E+03;2,12E+02
3505906;Interior;Batatais;1,61E+03;5,65E+01;9,11E+03;2,37E+02
3506003;Interior;Bauru;5,02E+03;8,26E+01;9,79E+03;2,58E+02
3506102;Interior;Bebedouro;2,44E+03;5,26E+01;4,19E+03;3,84E+02
3506201;Interior;Bento de Abreu;2,14E+03;0,00E+00;1,02E+04;1,70E+02
3506300;Interior;Bernardino de Campos;1,33E+03;3,71E+01;7,17E+03;2,69E+02
3506359;Interior;Bertioga;3,94E+03;8,37E+01;6,69E+03;1,91E+02
3506409;Interior;Bilac;2,47E+03;6,40E+01;9,77E+03;2,18E+02
3506508;Interior;Birigui;3,70E+03;9,73E+01;1,15E+04;4,08E+02
3506607;RMSP (exceto capital);Biritiba Mirim;1,73E+03;1,02E+02;3,09E+03;2,32E+02
3506706;Interior;Boa Esperança do Sul;1,82E+03;4,80E+01;1,01E+04;1,03E+02
3506805;Interior;Bocaina;2,04E+03;3,30E+01;9,23E+03;2,55E+02
3506904;Interior;Bofete;1,67E+03;3,61E+01;7,19E+03;1,81E+02
3507001;Interior;Boituva;2,98E+03;4,71E+01;8,73E+03;2,95E+02
3507100;Interior;Bom Jesus dos Perdões;2,05E+03;1,65E+01;8,18E+03;1,15E+02
3507159;Interior;Bom Sucesso de Itararé;7,77E+02;2,59E+01;5,93E+03;1,55E+02
3507209;Interior;Borá;1,23E+03;0,00E+00;1,44E+04;1,23E+02
3507308;Interior;Boracéia;3,82E+03;4,20E+01;1,71E+04;4,62E+02
3507407;Interior;Borborema;2,27E+03;7,18E+01;8,93E+03;2,74E+02
3507456;Interior;Borebi;2,29E+03;7,75E+01;8,61E+03;7,75E+01
3507506;Interior;Botucatu;2,87E+03;4,11E+01;1,05E+04;1,96E+02
3507605;Interior;Bragança Paulista;3,14E+03;6,22E+01;1,13E+04;2,99E+02
3507704;Interior;Braúna;2,18E+03;1,26E+02;9,01E+03;3,06E+02
3507753;Interior;Brejo Alegre;4,15E+03;2,17E+02;1,04E+04;2,53E+02
3507803;Interior;Brodowski;3,24E+03;9,61E+01;8,70E+03;2,34E+02
3507902;Interior;Brotas;9,98E+02;2,10E+01;9,00E+03;2,68E+02
3508009;Interior;Buri;2,07E+03;5,59E+01;1,14E+04;4,17E+02
3508108;Interior;Buritama;5,19E+03;1,33E+02;1,19E+04;3,31E+02
3508207;Interior;Buritizal;1,97E+03;6,97E+01;6,27E+03;1,63E+02
3508306;Interior;Cabrália Paulista;2,62E+03;0,00E+00;7,80E+03;2,09E+02
3508405;Interior;Cabreúva;3,65E+03;8,70E+01;6,64E+03;2,02E+02
3508504;Interior;Caçapava;2,29E+03;7,78E+01;7,60E+03;2,37E+02
3508603;Interior;Cachoeira Paulista;1,62E+03;5,89E+01;6,99E+03;8,38E+01
3508702;Interior;Caconde;1,70E+03;5,30E+00;6,14E+03;2,02E+02
3508801;Interior;Cafelândia;2,64E+03;7,54E+01;2,20E+03;2,20E+02
3508900;Interior;Caiabu;1,02E+03;4,87E+01;6,80E+03;1,46E+02
3509007;RMSP (exceto capital);Caieiras;3,27E+03;1,09E+02;6,64E+03;2,25E+02
3509106;Interior;Caiuá;1,54E+03;3,57E+01;5,96E+03;1,61E+02
3509205;RMSP (exceto capital);Cajamar;2,41E+03;1,08E+02;4,64E+03;2,09E+02
3509254;Interior;Cajati;7,19E+03;1,62E+02;9,15E+03;2,00E+02
3509304;Interior;Cajobi;2,81E+03;6,93E+01;8,12E+03;2,47E+02
3509403;Interior;Cajuru;1,96E+03;5,84E+01;5,81E+03;1,71E+02
3509452;Interior;Campina do Monte Alegre;1,67E+03;0,00E+00;9,05E+03;4,30E+02
3509502;Interior;Campinas;3,69E+03;1,25E+02;6,29E+03;2,69E+02
3509601;Interior;Campo Limpo Paulista;1,89E+03;9,78E+01;5,88E+03;2,50E+02
3509700;Interior;Campos do Jordão;2,98E+03;6,38E+01;9,29E+03;2,27E+02
3509809;Interior;Campos Novos Paulista;3,26E+03;4,15E+01;3,18E+03;1,66E+02
3509908;Interior;Cananéia;2,71E+03;8,10E+01;4,62E+03;1,78E+02
3509957;Interior;Canas;1,17E+03;3,95E+01;3,22E+03;3,95E+01
3510005;Interior;Cândido Mota;1,96E+03;2,00E+01;1,33E+04;5,30E+02
3510104;Interior;Cândido Rodrigues;2,21E+03;3,74E+01;3,10E+03;2,24E+02
3510153;Interior;Canitar;1,60E+03;2,00E+01;1,58E+04;4,81E+02
3510203;Interior;Capão Bonito;2,67E+03;9,69E+01;1,05E+04;2,48E+02
3510302;Interior;Capela do Alto;2,07E+03;3,41E+01;6,06E+03;1,56E+02
3510401;Interior;Capivari;3,15E+03;7,38E+01;7,68E+03;1,33E+02
3510500;Interior;Caraguatatuba;3,54E+03;1,12E+02;1,27E+04;2,96E+02
3510609;RMSP (exceto capital);Carapicuíba;3,10E+03;1,12E+02;5,60E+03;1,88E+02
3510708;Interior;Cardoso;2,05E+03;7,68E+01;1,24E+04;4,78E+02
3510807;Interior;Casa Branca;2,78E+03;4,07E+01;8,42E+03;3,29E+02
3510906;Interior;Cássia dos Coqueiros;2,89E+03;0,00E+00;7,25E+03;4,01E+01
3511003;Interior;Castilho;3,35E+03;6,27E+01;8,34E+03;3,67E+02
3511102;Interior;Catanduva;4,23E+03;1,54E+02;9,26E+03;3,83E+02
3511201;Interior;Catiguá;4,37E+03;1,06E+02;7,25E+03;4,12E+02
3511300;Interior;Cedral;3,86E+03;1,13E+02;1,14E+04;2,26E+02
3511409;Interior;Cerqueira César;1,68E+03;4,16E+01;9,78E+03;2,19E+02
3511508;Interior;Cerquilho;2,68E+03;4,52E+01;1,15E+04;3,02E+02
3511607;Interior;Cesário Lange;1,79E+03;4,06E+01;1,21E+04;3,59E+02
3511706;Interior;Charqueada;2,44E+03;4,72E+01;6,93E+03;2,24E+02
3511904;Interior;Clementina;2,39E+03;2,40E+01;9,24E+03;2,40E+02
3512001;Interior;Colina;2,10E+03;9,09E+01;7,48E+03;3,12E+02
3512100;Interior;Colômbia;2,05E+03;3,31E+01;9,39E+03;2,15E+02
3512209;Interior;Conchal;3,06E+03;8,06E+01;7,64E+03;2,27E+02
3512308;Interior;Conchas;2,90E+03;7,00E+01;1,16E+04;3,56E+02
3512407;Interior;Cordeirópolis;7,92E+03;1,11E+02;1,64E+04;3,08E+02
3512506;Interior;Coroados;2,95E+03;6,75E+01;1,02E+04;2,70E+02
3512605;Interior;Coronel Macedo;9,91E+02;4,13E+01;1,27E+04;4,75E+02
3512704;Interior;Corumbataí;3,41E+03;5,05E+01;7,07E+03;1,26E+02
3512803;Interior;Cosmópolis;3,02E+03;6,73E+01;8,10E+03;1,77E+02
3512902;Interior;Cosmorama;5,02E+03;3,00E+02;6,37E+03;2,86E+02
3513009;RMSP (exceto capital);Cotia;2,34E+03;9,30E+01;4,46E+03;1,77E+02
3513108;Interior;Cravinhos;1,40E+03;1,07E+02;5,01E+03;1,77E+02
3513207;Interior;Cristais Paulista;1,57E+03;2,37E+01;1,38E+04;1,78E+02
3513306;Interior;Cruzália;1,37E+03;0,00E+00;7,98E+03;2,83E+02
3513405;Interior;Cruzeiro;1,38E+03;4,88E+01;7,04E+03;8,13E+01
3513504;Interior;Cubatão;6,29E+03;1,77E+02;4,30E+03;2,18E+02
3513603;Interior;Cunha;1,16E+03;9,22E+00;2,86E+03;5,53E+01
3513702;Interior;Descalvado;2,77E+03;2,47E+01;1,05E+04;2,41E+02
3513801;RMSP (exceto capital);Diadema;2,87E+03;1,19E+02;3,74E+03;2,42E+02
3513850;Interior;Dirce Reis;1,63E+03;0,00E+00;9,78E+03;2,91E+02
3513900;Interior;Divinolândia;1,73E+03;6,43E+01;1,10E+04;3,77E+02
3514007;Interior;Dobrada;2,19E+03;2,25E+01;4,74E+03;8,98E+01
3514106;Interior;Dois Córregos;1,67E+03;1,48E+01;5,15E+03;1,45E+02
3514205;Interior;Dolcinópolis;3,92E+03;2,45E+02;8,33E+03;9,80E+01
3514304;Interior;Dourado;2,44E+03;4,72E+01;9,35E+03;1,77E+02
3514403;Interior;Dracena;3,09E+03;7,78E+01;9,98E+03;5,20E+02
3514502;Interior;Duartina;2,46E+03;4,18E+01;6,97E+03;1,92E+02
3514601;Interior;Dumont;6,32E+03;5,22E+01;1,00E+04;1,99E+02
3514700;Interior;Echaporã;1,29E+03;1,61E+01;1,15E+04;3,86E+02
3514809;Interior;Eldorado;3,94E+03;5,25E+01;7,05E+03;1,25E+02
3514908;Interior;Elias Fausto;4,00E+03;1,10E+02;4,81E+03;9,80E+01
3514924;Interior;Elisiário;5,52E+03;8,57E+01;1,10E+04;1,43E+02
3514957;Interior;Embaúba;2,57E+03;4,15E+01;2,53E+03;3,74E+02
3515004;RMSP (exceto capital);Embu das Artes;1,69E+03;7,72E+01;2,27E+03;1,59E+02
3515103;RMSP (exceto capital);Embu-Guaçu;2,57E+03;8,52E+01;5,06E+03;2,32E+02
3515129;Interior;Emilianópolis;3,59E+03;9,78E+01;8,54E+03;1,63E+02
3515152;Interior;Engenheiro Coelho;4,53E+03;1,02E+02;8,64E+03;1,75E+02
3515186;Interior;Espírito Santo do Pinhal;2,83E+03;5,64E+01;8,95E+03;2,00E+02
3515194;Interior;Espírito Santo do Turvo;1,23E+03;2,08E+01;8,67E+03;1,67E+02
3515202;Interior;Estrela d'Oeste;7,40E+03;1,73E+02;1,17E+04;2,22E+02
3515301;Interior;Estrela do Norte;2,81E+03;7,50E+01;1,10E+04;1,50E+02
3515350;Interior;Euclides da Cunha Paulista;5,56E+02;4,19E+01;4,74E+03;1,15E+02
3515400;Interior;Fartura;2,80E+03;6,39E+00;1,22E+04;3,20E+02
3515509;Interior;Fernandópolis;6,25E+03;1,09E+02;1,30E+04;4,40E+02
3515608;Interior;Fernando Prestes;3,05E+03;5,38E+01;1,30E+04;1,44E+02
3515657;Interior;Fernão;2,43E+03;0,00E+00;1,21E+04;6,06E+01
3515707;RMSP (exceto capital);Ferraz de Vasconcelos;2,64E+03;7,98E+01;2,77E+03;1,81E+02
3515806;Interior;Flora Rica;3,46E+03;1,26E+02;4,78E+03;3,15E+02
3515905;Interior;Floreal;2,00E+03;3,50E+01;7,18E+03;2,10E+02
3516002;Interior;Flórida Paulista;7,34E+02;1,65E+01;1,02E+04;2,72E+02
3516101;Interior;Florínea;1,59E+03;3,70E+01;1,27E+04;4,44E+02
3516200;Interior;Franca;2,27E+03;6,72E+01;8,97E+03;2,15E+02
3516309;RMSP (exceto capital);Francisco Morato;2,20E+03;8,49E+01;4,81E+03;1,75E+02
3516408;RMSP (exceto capital);Franco da Rocha;2,26E+03;9,13E+01;6,45E+03;1,73E+02
3516507;Interior;Gabriel Monteiro;2,20E+03;1,49E+02;9,91E+03;7,45E+01
3516606;Interior;Gália;1,95E+03;7,62E+01;7,15E+03;2,13E+02
3516705;Interior;Garça;2,33E+03;5,41E+01;1,09E+04;2,82E+02
3516804;Interior;Gastão Vidigal;1,78E+03;2,52E+02;2,56E+03;8,39E+01
3516853;Interior;Gavião Peixoto;6,46E+03;2,17E+01;2,29E+04;4,77E+02
3516903;Interior;General Salgado;3,35E+03;2,82E+01;7,18E+03;3,57E+02
3517000;Interior;Getulina;3,11E+03;3,69E+01;6,94E+03;2,77E+02
3517109;Interior;Glicério;3,62E+03;1,47E+02;8,82E+03;2,95E+02
3517208;Interior;Guaiçara;4,92E+03;7,53E+01;6,55E+03;1,26E+02
3517307;Interior;Guaimbê;1,52E+03;5,42E+01;9,09E+03;1,08E+02
3517406;Interior;Guaíra;4,37E+03;1,23E+02;1,04E+04;4,53E+02
3517505;Interior;Guapiaçu;5,38E+03;1,58E+02;4,49E+03;2,25E+02
3517604;Interior;Guapiara;1,73E+03;7,31E+01;1,13E+04;4,16E+02
3517703;Interior;Guará;2,99E+03;1,20E+02;9,28E+03;3,89E+02
3517802;Interior;Guaraçaí;1,59E+03;1,19E+01;8,98E+03;2,62E+02
3517901;Interior;Guaraci;2,69E+03;6,38E+01;9,98E+03;1,91E+02
3518008;Interior;Guarani d'Oeste;3,12E+03;0,00E+00;8,74E+03;2,60E+02
3518107;Interior;Guarantã;2,49E+03;3,09E+01;2,02E+03;2,78E+02
3518206;Interior;Guararapes;3,04E+03;4,68E+01;1,02E+04;3,06E+02
3518305;RMSP (exceto capital);Guararema;2,07E+03;1,19E+02;5,86E+03;2,31E+02
3518404;Interior;Guaratinguetá;2,01E+03;5,41E+01;7,75E+03;2,08E+02
3518503;Interior;Guareí;1,28E+04;4,44E+01;8,95E+03;1,71E+02
3518602;Interior;Guariba;3,59E+03;9,74E+01;7,27E+03;1,74E+02
3518701;Interior;Guarujá;3,43E+03;1,55E+02;3,71E+03;2,61E+02
3518800;RMSP (exceto capital);Guarulhos;2,07E+03;1,26E+02;2,82E+03;2,45E+02
3518859;Interior;Guatapará;1,85E+03;5,38E+01;4,85E+03;2,82E+02
3518909;Interior;Guzolândia;2,21E+03;1,37E+02;9,34E+03;4,50E+02
3519006;Interior;Herculândia;1,23E+03;6,48E+01;1,14E+04;2,16E+02
3519055;Interior;Holambra;3,70E+03;2,76E+01;1,09E+04;6,90E+01
3519071;Interior;Hortolândia;3,48E+03;7,56E+01;7,86E+03;2,59E+02
3519105;Interior;Iacanga;3,29E+03;4,42E+01;1,05E+04;2,03E+02
3519204;Interior;Iacri;1,28E+03;0,00E+00;9,92E+03;2,55E+02
3519253;Interior;Iaras;1,10E+03;4,35E+01;3,06E+03;2,47E+02
3519303;Interior;Ibaté;1,78E+03;1,73E+01;9,60E+03;2,79E+02
3519402;Interior;Ibirá;4,30E+03;1,08E+02;1,29E+04;2,40E+02
3519501;Interior;Ibirarema;3,10E+03;6,66E+01;7,70E+03;3,73E+02
3519600;Interior;Ibitinga;3,44E+03;9,06E+01;1,36E+04;3,97E+02
3519709;Interior;Ibiúna;8,14E+02;4,19E+01;6,04E+03;1,45E+02
3519808;Interior;Icém;2,86E+03;3,74E+01;1,25E+04;3,24E+02
3519907;Interior;Iepê;2,06E+03;6,31E+01;1,01E+04;2,78E+02
3520004;Interior;Igaraçu do Tietê;2,29E+03;6,22E+01;1,04E+04;2,28E+02
3520103;Interior;Igarapava;2,58E+03;1,05E+02;2,11E+03;2,10E+02
3520202;Interior;Igaratá;1,11E+04;8,59E+01;1,13E+04;2,90E+02
3520301;Interior;Iguape;2,46E+03;6,11E+01;6,84E+03;3,26E+02
3520400;Interior;Ilhabela;8,59E+03;4,78E+01;1,36E+04;8,07E+01
3520426;Interior;Ilha Comprida;2,58E+03;1,36E+02;1,11E+04;3,40E+02
3520442;Interior;Ilha Solteira;2,48E+03;6,99E+01;8,86E+03;3,22E+02
3520509;Interior;Indaiatuba;4,55E+03;1,15E+02;6,79E+03;1,92E+02
3520608;Interior;Indiana;3,64E+03;1,05E+02;1,72E+03;1,26E+02
3520707;Interior;Indiaporã;1,19E+03;0,00E+00;9,65E+03;3,37E+02
3520806;Interior;Inúbia Paulista;1,31E+03;2,57E+01;1,21E+04;3,85E+02
3520905;Interior;Ipaussu;2,70E+03;2,76E+01;1,34E+04;2,83E+02
3521002;Interior;Iperó;1,02E+03;1,46E+01;8,21E+03;1,54E+02
3521101;Interior;Ipeúna;2,22E+03;1,32E+01;7,89E+03;2,64E+02
3521150;Interior;Ipiguá;6,63E+03;1,91E+02;1,41E+04;3,25E+02
3521200;Interior;Iporanga;2,16E+03;2,27E+01;1,14E+04;1,36E+02
3521309;Interior;Ipuã;4,30E+03;1,51E+02;9,19E+03;2,46E+02
3521408;Interior;Iracemápolis;6,38E+03;8,46E+01;1,36E+04;3,38E+02
3521507;Interior;Irapuã;2,43E+03;5,17E+01;9,93E+03;3,23E+02
3521606;Interior;Irapuru;1,72E+03;4,09E+01;8,26E+03;4,50E+02
3521705;Interior;Itaberá;2,23E+03;2,84E+01;1,15E+04;3,58E+02
3521804;Interior;Itaí;8,22E+02;7,55E+00;1,07E+04;2,75E+02
3521903;Interior;Itajobi;3,63E+03;8,90E+01;1,43E+04;3,08E+02
3522000;Interior;Itaju;5,36E+03;2,74E+01;9,80E+03;1,92E+02
3522109;Interior;Itanhaém;2,23E+03;9,62E+01;4,85E+03;2,48E+02
3522158;Interior;Itaoca;1,35E+03;0,00E+00;7,60E+03;2,51E+02
3522208;RMSP (exceto capital);Itapecerica da Serra;2,00E+03;1,14E+02;3,14E+03;1,63E+02
3522307;Interior;Itapetininga;2,40E+03;4,81E+01;8,60E+03;3,01E+02
3522406;Interior;Itapeva;1,78E+03;6,43E+01;1,12E+04;4,16E+02
3522505;RMSP (exceto capital);Itapevi;1,72E+03;1,08E+02;3,64E+03;1,91E+02
3522604;Interior;Itapira;3,21E+03;7,41E+01;1,06E+04;3,75E+02
3522653;Interior;Itapirapuã Paulista;2,66E+03;2,39E+01;1,08E+04;7,18E+01
3522703;Interior;Itápolis;1,79E+03;3,37E+01;1,21E+04;3,61E+02
3522802;Interior;Itaporanga;1,82E+03;4,77E+01;1,10E+04;3,06E+02
3522901;Interior;Itapuí;3,09E+03;3,63E+01;8,56E+03;2,61E+02
3523008;Interior;Itapura;1,77E+03;4,07E+01;4,60E+03;2,44E+02
3523107;RMSP (exceto capital);Itaquaquecetuba;1,51E+03;9,31E+01;3,98E+03;1,94E+02
3523206;Interior;Itararé;2,05E+03;6,12E+01;1,09E+04;4,53E+02
3523305;Interior;Itariri;3,14E+03;6,95E+01;4,96E+03;1,91E+02
3523404;Interior;Itatiba;2,43E+03;2,80E+01;8,73E+03;1,55E+02
3523503;Interior;Itatinga;1,83E+03;3,41E+01;1,21E+04;2,48E+02
3523602;Interior;Itirapina;2,85E+03;5,83E+01;6,82E+03;1,63E+02
3523701;Interior;Itirapuã;9,40E+02;1,59E+01;4,22E+03;1,11E+02
3523800;Interior;Itobi;5,94E+03;7,89E+01;2,13E+03;2,10E+02
3523909;Interior;Itu;3,14E+03;7,66E+01;1,05E+04;2,29E+02
3524006;Interior;Itupeva;3,96E+03;7,44E+01;7,51E+03;1,76E+02
3524105;Interior;Ituverava;1,80E+03;8,20E+01;5,39E+03;2,93E+02
3524204;Interior;Jaborandi;2,49E+03;4,49E+01;6,17E+03;3,15E+02
3524303;Interior;Jaboticabal;1,54E+03;7,28E+01;8,47E+03;8,76E+01
3524402;Interior;Jacareí;2,68E+03;7,68E+01;8,53E+03;2,61E+02
3524501;Interior;Jaci;5,54E+03;1,00E+02;1,39E+04;3,16E+02
3524600;Interior;Jacupiranga;3,62E+03;1,22E+02;6,29E+03;1,86E+02
3524709;Interior;Jaguariúna;2,78E+03;6,02E+01;9,98E+03;1,97E+02
3524808;Interior;Jales;5,25E+03;1,50E+02;1,03E+04;4,32E+02
3524907;Interior;Jambeiro;1,88E+03;8,05E+01;4,89E+03;1,29E+02
3525003;RMSP (exceto capital);Jandira;1,97E+03;9,14E+01;4,69E+03;1,80E+02
3525102;Interior;Jardinópolis;2,66E+03;1,24E+02;7,22E+03;2,07E+02
3525201;Interior;Jarinu;2,05E+03;9,05E+01;8,37E+03;1,71E+02
3525300;Interior;Jaú;2,94E+03;6,64E+01;6,66E+03;3,10E+02
3525409;Interior;Jeriquara;2,26E+03;0,00E+00;9,04E+03;9,55E+01
3525508;Interior;Joanópolis;1,52E+03;2,37E+01;8,18E+03;3,16E+01
3525607;Interior;João Ramalho;3,15E+03;9,12E+01;1,20E+04;1,82E+02
3525706;Interior;José Bonifácio;4,73E+03;7,50E+01;1,20E+04;3,42E+02
3525805;Interior;Júlio Mesquita;9,70E+02;4,31E+01;6,42E+03;2,59E+02
3525854;Interior;Jumirim;3,69E+03;3,02E+01;1,26E+04;2,12E+02
3525904;Interior;Jundiaí;4,31E+03;1,19E+02;9,32E+03;2,78E+02
3526001;Interior;Junqueirópolis;1,65E+03;4,98E+01;9,61E+03;4,24E+02
3526100;Interior;Juquiá;3,15E+03;7,97E+01;7,62E+03;2,55E+02
3526209;RMSP (exceto capital);Juquitiba;4,26E+03;5,92E+01;1,62E+03;1,94E+02
3526308;Interior;Lagoinha;1,60E+03;2,08E+01;3,40E+03;3,11E+02
3526407;Interior;Laranjal Paulista;3,76E+03;3,23E+01;1,30E+04;3,95E+02
3526506;Interior;Lavínia;5,60E+03;4,71E+01;5,53E+03;1,53E+02
3526605;Interior;Lavrinhas;1,28E+03;1,40E+01;3,47E+03;5,58E+01
3526704;Interior;Leme;3,25E+03;8,42E+01;1,08E+04;3,40E+02
3526803;Interior;Lençóis Paulista;5,78E+03;8,14E+01;1,28E+04;1,99E+02
3526902;Interior;Limeira;3,68E+03;9,75E+01;5,77E+03;2,99E+02
3527009;Interior;Lindóia;1,66E+03;5,18E+01;9,48E+03;1,68E+02
3527108;Interior;Lins;4,59E+03;7,32E+01;8,33E+03;3,18E+02
3527207;Interior;Lorena;1,74E+03;3,92E+01;4,49E+03;1,26E+02
3527256;Interior;Lourdes;3,16E+03;4,58E+01;1,05E+04;2,29E+02
3527306;Interior;Louveira;2,51E+03;5,80E+01;8,79E+03;1,66E+02
3527405;Interior;Lucélia;6,57E+02;3,33E+01;8,69E+03;2,52E+02
3527504;Interior;Lucianópolis;6,63E+02;0,00E+00;1,47E+04;2,65E+02
3527603;Interior;Luís Antônio;2,75E+03;7,06E+01;1,25E+04;1,76E+02
3527702;Interior;Luiziânia;1,88E+03;3,48E+01;3,22E+03;1,56E+02
3527801;Interior;Lupércio;1,24E+03;0,00E+00;4,82E+03;1,81E+02
3527900;Interior;Lutécia;4,20E+02;0,00E+00;8,39E+03;2,29E+02
3528007;Interior;Macatuba;6,59E+03;7,68E+01;1,02E+04;2,78E+02
3528106;Interior;Macaubal;1,87E+03;5,16E+01;1,12E+04;1,81E+02
3528205;Interior;Macedônia;3,11E+03;1,40E+02;9,85E+03;5,88E+02
3528304;Interior;Magda;1,81E+03;6,48E+01;1,06E+04;2,59E+02
3528403;Interior;Mairinque;2,09E+03;4,75E+01;7,56E+03;1,08E+02
3528502;RMSP (exceto capital);Mairiporã;2,64E+03;8,21E+01;4,25E+03;1,62E+02
3528601;Interior;Manduri;2,10E+03;1,05E+01;8,30E+03;2,31E+02
3528700;Interior;Marabá Paulista;1,30E+03;2,03E+01;1,01E+03;6,08E+01
3528809;Interior;Maracaí;1,61E+03;7,40E+00;1,41E+04;3,33E+02
3528858;Interior;Marapoama;3,30E+03;1,03E+02;1,39E+04;4,13E+02
3528908;Interior;Mariápolis;1,76E+03;0,00E+00;5,51E+03;2,26E+02
3529005;Interior;Marília;2,99E+03;4,53E+01;1,08E+04;3,80E+02
3529104;Interior;Marinópolis;3,00E+03;4,77E+01;7,73E+03;1,91E+02
3529203;Interior;Martinópolis;1,76E+03;5,84E+01;5,94E+03;2,73E+02
3529302;Interior;Matão;1,41E+03;3,75E+01;5,55E+03;2,24E+02
3529401;RMSP (exceto capital);Mauá;2,43E+03;1,01E+02;4,59E+03;2,39E+02
3529500;Interior;Mendonça;3,85E+03;1,98E+02;1,55E+04;4,16E+02
3529609;Interior;Meridiano;4,09E+03;1,34E+02;5,67E+03;7,22E+02
3529658;Interior;Mesópolis;2,11E+03;5,28E+01;1,33E+04;2,11E+02
3529708;Interior;Miguelópolis;2,82E+03;9,80E+01;4,23E+03;3,45E+02
3529807;Interior;Mineiros do Tietê;3,15E+03;5,56E+01;8,42E+03;1,98E+02
3529906;Interior;Miracatu;2,69E+03;1,05E+02;9,27E+03;2,76E+02
3530003;Interior;Mira Estrela;3,06E+03;3,40E+01;9,05E+03;4,76E+02
3530102;Interior;Mirandópolis;2,42E+03;3,84E+01;5,37E+03;3,39E+02
3530201;Interior;Mirante do Paranapanema;1,40E+03;3,38E+01;5,81E+03;2,19E+02
3530300;Interior;Mirassol;4,79E+03;1,11E+02;1,25E+04;3,79E+02
3530409;Interior;Mirassolândia;4,47E+03;4,25E+01;1,17E+04;3,40E+02
3530508;Interior;Mococa;2,54E+03;5,39E+01;6,66E+03;3,16E+02
3530607;RMSP (exceto capital);Mogi das Cruzes;2,67E+03;1,26E+02;5,30E+03;2,74E+02
3530706;Interior;Mogi Guaçu;3,01E+03;7,01E+01;1,07E+04;3,40E+02
3530805;Interior;Mogi Mirim;2,90E+03;7,63E+01;1,07E+04;3,27E+02
3530904;Interior;Mombuca;1,74E+03;3,00E+01;1,22E+04;2,70E+02
3531001;Interior;Monções;4,32E+03;1,38E+02;7,17E+03;1,38E+02
3531100;Interior;Mongaguá;1,96E+03;5,86E+01;2,33E+03;1,14E+02
3531209;Interior;Monte Alegre do Sul;1,20E+03;1,29E+01;7,70E+03;1,94E+02
3531308;Interior;Monte Alto;2,82E+03;8,88E+01;1,09E+04;3,10E+02
3531407;Interior;Monte Aprazível;3,69E+03;1,02E+02;9,38E+03;2,77E+02
3531506;Interior;Monte Azul Paulista;1,79E+03;1,10E+01;1,12E+04;1,32E+02
3531605;Interior;Monte Castelo;3,76E+03;1,25E+02;1,35E+04;3,01E+02
3531704;Interior;Monteiro Lobato;1,90E+03;4,48E+01;4,43E+03;1,57E+02
3531803;Interior;Monte Mor;3,13E+03;6,21E+01;8,96E+03;1,76E+02
3531902;Interior;Morro Agudo;4,62E+03;8,66E+01;9,76E+03;2,29E+02
3532009;Interior;Morungaba;1,31E+03;3,02E+01;6,82E+03;1,81E+02
3532058;Interior;Motuca;1,60E+03;6,47E+01;6,21E+03;1,29E+02
3532108;Interior;Murutinga do Sul;2,24E+03;9,34E+01;7,71E+03;3,50E+02
3532157;Interior;Nantes;2,31E+03;3,26E+01;5,60E+03;1,95E+02
3532207;Interior;Narandiba;3,80E+03;1,24E+02;1,46E+04;3,31E+02
3532306;Interior;Natividade da Serra;5,97E+02;1,49E+01;2,78E+03;1,79E+02
3532405;Interior;Nazaré Paulista;1,87E+03;2,71E+01;7,24E+03;2,44E+02
3532504;Interior;Neves Paulista;3,74E+03;9,28E+01;1,28E+04;4,06E+02
3532603;Interior;Nhandeara;3,26E+03;1,11E+02;1,06E+04;3,52E+02
3532702;Interior;Nipoã;2,66E+03;4,02E+01;7,57E+03;2,62E+02
3532801;Interior;Nova Aliança;5,19E+03;1,09E+02;1,30E+04;2,79E+02
3532827;Interior;Nova Campina;1,17E+03;5,17E+01;8,04E+03;4,03E+02
3532843;Interior;Nova Canaã Paulista;4,44E+03;1,03E+02;1,13E+04;2,58E+02
3532868;Interior;Nova Castilho;2,04E+03;1,70E+02;7,48E+03;8,50E+01
3532900;Interior;Nova Europa;3,09E+03;2,79E+01;4,58E+03;2,42E+02
3533007;Interior;Nova Granada;5,66E+03;1,24E+02;1,02E+04;2,39E+02
3533106;Interior;Nova Guataporanga;1,60E+03;0,00E+00;7,26E+03;1,83E+02
3533205;Interior;Nova Independência;2,63E+03;2,68E+01;1,21E+04;1,61E+02
3533254;Interior;Novais;3,59E+03;1,45E+02;1,94E+03;9,08E+01
3533304;Interior;Nova Luzitânia;2,50E+03;4,95E+01;7,05E+03;2,72E+02
3533403;Interior;Nova Odessa;3,38E+03;1,14E+02;9,27E+03;2,69E+02
3533502;Interior;Novo Horizonte;3,89E+03;8,73E+01;1,17E+04;4,72E+02
3533601;Interior;Nuporanga;1,77E+03;2,75E+01;3,84E+03;1,10E+02
3533700;Interior;Ocauçu;1,25E+03;2,41E+01;9,38E+03;7,24E+01
3533809;Interior;Óleo;2,37E+02;0,00E+00;5,94E+03;1,98E+02
3533908;Interior;Olímpia;6,24E+03;1,39E+02;1,40E+04;3,81E+02
3534005;Interior;Onda Verde;6,91E+03;1,18E+02;1,51E+04;5,21E+02
3534104;Interior;Oriente;1,76E+03;6,38E+01;4,98E+03;3,35E+02
3534203;Interior;Orindiúva;5,24E+03;7,28E+01;1,42E+04;1,89E+02
3534302;Interior;Orlândia;2,94E+03;9,46E+01;8,23E+03;1,89E+02
3534401;RMSP (exceto capital);Osasco;2,79E+03;1,43E+02;4,01E+03;2,56E+02
3534500;Interior;Oscar Bressane;1,75E+03;0,00E+00;1,18E+04;3,18E+02
3534609;Interior;Osvaldo Cruz;1,33E+03;4,16E+01;1,34E+04;3,39E+02
3534708;Interior;Ourinhos;2,89E+03;5,16E+01;1,11E+04;4,15E+02
3534757;Interior;Ouroeste;3,84E+03;7,16E+01;1,07E+04;3,99E+02
3534807;Interior;Ouro Verde;1,26E+03;0,00E+00;1,11E+04;3,51E+02
3534906;Interior;Pacaembu;3,33E+03;7,66E+01;7,54E+03;2,30E+02
3535002;Interior;Palestina;1,56E+03;5,76E+01;3,96E+03;2,71E+02
3535101;Interior;Palmares Paulista;3,46E+03;1,15E+02;9,32E+03;2,31E+02
3535200;Interior;Palmeira d'Oeste;3,36E+03;6,57E+01;7,38E+03;1,75E+02
3535309;Interior;Palmital;2,81E+03;4,17E+01;1,06E+04;2,87E+02
3535408;Interior;Panorama;1,15E+03;5,26E+01;1,15E+04;3,29E+02
3535507;Interior;Paraguaçu Paulista;2,27E+03;5,21E+01;9,66E+03;3,03E+02
3535606;Interior;Paraibuna;1,40E+03;6,03E+01;5,53E+03;2,08E+02
3535705;Interior;Paraíso;2,84E+03;6,38E+01;6,19E+03;3,19E+02
3535804;Interior;Paranapanema;1,69E+03;3,51E+01;9,04E+03;3,36E+02
3535903;Interior;Paranapuã;3,83E+03;1,54E+02;8,71E+03;4,37E+02
3536000;Interior;Parapuã;1,49E+03;3,81E+01;1,33E+04;3,33E+02
3536109;Interior;Pardinho;4,15E+03;6,26E+01;8,48E+03;1,72E+02
3536208;Interior;Pariquera-Açu;5,04E+03;1,14E+02;7,79E+03;2,18E+02
3536257;Interior;Parisi;6,38E+03;2,92E+02;1,69E+04;5,36E+02
3536307;Interior;Patrocínio Paulista;1,48E+03;5,53E+01;6,35E+03;1,80E+02
3536406;Interior;Paulicéia;1,20E+03;4,20E+01;1,08E+04;2,38E+02
3536505;Interior;Paulínia;6,18E+03;8,66E+01;8,80E+03;2,07E+02
3536570;Interior;Paulistânia;7,91E+02;0,00E+00;1,06E+04;2,83E+02
3536604;Interior;Paulo de Faria;2,79E+03;3,52E+01;5,08E+03;3,87E+02
3536703;Interior;Pederneiras;2,62E+03;5,92E+01;8,85E+03;2,11E+02
3536802;Interior;Pedra Bela;1,93E+03;1,68E+01;2,06E+03;5,03E+01
3536901;Interior;Pedranópolis;3,59E+03;1,24E+02;7,76E+03;2,48E+02
3537008;Interior;Pedregulho;6,63E+02;1,84E+01;1,62E+03;1,04E+02
3537107;Interior;Pedreira;1,69E+03;2,79E+01;7,93E+03;2,15E+02
3537156;Interior;Pedrinhas Paulista;1,76E+03;3,32E+01;1,30E+04;2,33E+02
3537206;Interior;Pedro de Toledo;1,05E+03;6,38E+01;3,04E+03;8,20E+01
3537305;Interior;Penápolis;3,21E+03;7,57E+01;9,02E+03;3,47E+02
3537404;Interior;Pereira Barreto;1,76E+03;3,94E+01;9,03E+03;3,70E+02
3537503;Interior;Pereiras;3,12E+03;2,37E+01;1,09E+04;2,49E+02
3537602;Interior;Peruíbe;2,50E+03;8,91E+01;8,32E+03;2,78E+02
3537701;Interior;Piacatu;2,87E+03;3,40E+01;1,10E+04;1,36E+02
3537800;Interior;Piedade;2,24E+03;8,78E+01;9,45E+03;2,15E+02
3537909;Interior;Pilar do Sul;1,65E+03;5,32E+01;9,25E+03;2,34E+02
3538006;Interior;Pindamonhangaba;1,94E+03;3,79E+01;7,40E+03;2,43E+02
3538105;Interior;Pindorama;3,94E+03;1,05E+02;8,03E+03;2,28E+02
3538204;Interior;Pinhalzinho;1,25E+03;1,36E+01;8,03E+03;5,42E+01
3538303;Interior;Piquerobi;1,75E+03;0,00E+00;5,18E+03;2,26E+02
3538501;Interior;Piquete;1,60E+03;2,20E+01;1,05E+03;1,10E+02
3538600;Interior;Piracaia;2,69E+03;2,28E+01;1,13E+04;1,86E+02
3538709;Interior;Piracicaba;5,00E+03;1,07E+02;1,16E+04;2,53E+02
3538808;Interior;Piraju;1,52E+03;3,15E+01;5,64E+03;2,69E+02
3538907;Interior;Pirajuí;2,95E+03;4,30E+01;7,71E+03;2,24E+02
3539004;Interior;Pirangi;3,68E+03;1,48E+02;1,28E+04;4,71E+02
3539103;RMSP (exceto capital);Pirapora do Bom Jesus;4,01E+03;4,24E+01;4,83E+03;7,43E+01
3539202;Interior;Pirapozinho;4,27E+03;1,03E+02;7,05E+03;1,69E+02
3539301;Interior;Pirassununga;2,99E+03;5,16E+01;9,41E+03;3,05E+02
3539400;Interior;Piratininga;3,00E+03;8,33E+01;8,36E+03;2,42E+02
3539509;Interior;Pitangueiras;4,05E+03;9,33E+01;1,02E+04;3,32E+02
3539608;Interior;Planalto;4,37E+03;7,74E+01;8,19E+03;1,35E+02
3539707;Interior;Platina;2,14E+03;5,71E+01;9,45E+03;2,57E+02
3539806;RMSP (exceto capital);Poá;2,51E+03;1,16E+02;5,31E+03;2,41E+02
3539905;Interior;Poloni;2,56E+03;5,29E+01;1,34E+04;2,65E+02
3540002;Interior;Pompéia;1,12E+03;2,82E+01;3,61E+03;1,69E+02
3540101;Interior;Pongaí;3,82E+03;1,79E+02;6,89E+03;1,79E+02
3540200;Interior;Pontal;3,54E+03;1,12E+02;6,93E+03;2,23E+02
3540259;Interior;Pontalinda;2,05E+03;1,11E+02;2,63E+03;2,23E+02
3540309;Interior;Pontes Gestal;5,97E+03;1,98E+02;1,14E+04;1,19E+02
3540408;Interior;Populina;1,88E+03;7,51E+01;6,76E+03;2,50E+02
3540507;Interior;Porangaba;7,84E+02;1,07E+01;8,14E+03;2,15E+02
3540606;Interior;Porto Feliz;3,67E+03;4,26E+01;1,43E+04;2,48E+02
3540705;Interior;Porto Ferreira;2,79E+03;7,58E+01;1,16E+04;2,61E+02
3540754;Interior;Potim;2,00E+03;4,35E+01;7,99E+03;1,45E+02
3540804;Interior;Potirendaba;4,73E+03;7,23E+01;1,42E+04;4,16E+02
3540853;Interior;Pracinha;3,36E+03;0,00E+00;1,20E+03;1,03E+02
3540903;Interior;Pradópolis;4,04E+03;1,05E+02;5,56E+03;9,09E+01
3541000;Interior;Praia Grande;2,95E+03;9,88E+01;5,93E+03;2,30E+02
3541059;Interior;Pratânia;1,30E+03;3,88E+01;1,59E+04;2,13E+02
3541109;Interior;Presidente Alves;2,46E+03;4,98E+01;4,65E+03;1,49E+02
3541208;Interior;Presidente Bernardes;3,45E+03;8,02E+01;6,41E+03;2,41E+02
3541307;Interior;Presidente Epitácio;1,95E+03;5,90E+01;5,93E+03;2,41E+02
3541406;Interior;Presidente Prudente;4,00E+03;8,91E+01;1,07E+04;3,30E+02
3541505;Interior;Presidente Venceslau;1,88E+03;8,16E+01;8,18E+03;2,21E+02
3541604;Interior;Promissão;5,51E+03;4,54E+01;8,54E+03;2,34E+02
3541653;Interior;Quadra;1,86E+03;5,39E+01;4,64E+03;1,62E+02
3541703;Interior;Quatá;2,09E+03;2,87E+01;1,05E+04;1,87E+02
3541802;Interior;Queiroz;1,25E+03;6,10E+01;1,37E+04;3,05E+01
3541901;Interior;Queluz;2,89E+03;2,37E+01;4,67E+03;1,66E+02
3542008;Interior;Quintana;1,35E+03;1,54E+01;7,63E+03;4,46E+02
3542107;Interior;Rafard;2,75E+03;4,46E+01;9,51E+03;8,91E+01
3542206;Interior;Rancharia;3,96E+03;6,24E+01;1,06E+04;2,67E+02
3542305;Interior;Redenção da Serra;6,52E+02;0,00E+00;2,40E+03;1,30E+02
3542404;Interior;Regente Feijó;1,17E+03;5,13E+01;2,72E+03;2,82E+02
3542503;Interior;Reginópolis;2,08E+03;2,77E+01;2,55E+03;2,77E+02
3542602;Interior;Registro;4,30E+03;1,11E+02;7,98E+03;2,99E+02
3542701;Interior;Restinga;1,21E+03;1,33E+01;8,45E+03;1,20E+02
3542800;Interior;Ribeira;2,78E+03;3,08E+01;1,15E+04;2,16E+02
3542909;Interior;Ribeirão Bonito;3,17E+03;6,94E+01;5,11E+03;1,54E+02
3543006;Interior;Ribeirão Branco;2,01E+03;4,52E+01;9,45E+03;2,94E+02
3543105;Interior;Ribeirão Corrente;1,69E+03;2,14E+01;5,66E+03;6,43E+01
3543204;Interior;Ribeirão do Sul;1,88E+03;2,29E+01;1,42E+04;5,05E+02
3543238;Interior;Ribeirão dos Índios;1,91E+03;1,40E+02;2,43E+03;1,40E+02
3543253;Interior;Ribeirão Grande;2,48E+03;6,66E+01;4,55E+03;2,80E+02
3543303;RMSP (exceto capital);Ribeirão Pires;2,65E+03;8,66E+01;5,25E+03;2,13E+02
3543402;Interior;Ribeirão Preto;4,51E+03;1,39E+02;8,38E+03;3,02E+02
3543501;Interior;Riversul;5,61E+02;3,51E+01;9,11E+03;5,08E+02
3543600;Interior;Rifaina;1,70E+03;8,65E+01;1,24E+04;2,60E+02
3543709;Interior;Rincão;1,12E+03;4,76E+01;4,84E+03;2,67E+02
3543808;Interior;Rinópolis;1,17E+03;0,00E+00;5,61E+03;1,75E+02
3543907;Interior;Rio Claro;2,45E+03;8,15E+01;3,91E+03;2,12E+02
3544004;Interior;Rio das Pedras;2,50E+03;1,13E+02;8,13E+03;1,92E+02
3544103;RMSP (exceto capital);Rio Grande da Serra;1,71E+03;6,83E+01;2,75E+03;1,20E+02
3544202;Interior;Riolândia;3,49E+03;2,62E+01;1,41E+04;2,45E+02
3544251;Interior;Rosana;1,57E+03;4,35E+01;7,43E+03;1,96E+02
3544301;Interior;Roseira;2,84E+03;4,70E+01;1,20E+04;2,16E+02
3544400;Interior;Rubiácea;1,80E+03;0,00E+00;5,83E+03;3,22E+02
3544509;Interior;Rubinéia;3,45E+03;6,69E+01;1,09E+04;3,01E+02
3544608;Interior;Sabino;1,92E+03;1,46E+02;3,29E+03;3,29E+02
3544707;Interior;Sagres;8,47E+02;0,00E+00;1,03E+04;1,69E+02
3544806;Interior;Sales;1,65E+03;9,92E+01;7,16E+03;3,97E+02
3544905;Interior;Sales Oliveira;4,51E+03;3,47E+01;1,14E+04;2,34E+02
3545001;RMSP (exceto capital);Salesópolis;1,73E+03;1,07E+02;2,26E+03;2,14E+02
3545100;Interior;Salmourão;6,25E+02;1,95E+01;6,43E+03;3,91E+02
3545159;Interior;Saltinho;2,38E+03;2,54E+01;1,23E+04;2,42E+02
3545209;Interior;Salto;3,29E+03;7,54E+01;1,15E+04;3,01E+02
3545308;Interior;Salto de Pirapora;2,97E+03;7,46E+01;6,95E+03;3,30E+02
3545407;Interior;Salto Grande;2,03E+03;2,20E+01;1,14E+04;1,65E+02
3545506;Interior;Sandovalina;3,32E+03;7,12E+01;7,01E+03;2,14E+02
3545605;Interior;Santa Adélia;2,96E+03;4,03E+01;8,43E+03;3,49E+02
3545704;Interior;Santa Albertina;5,06E+03;3,53E+01;9,03E+03;4,23E+02
3545803;Interior;Santa Bárbara d'Oeste;4,23E+03;1,19E+02;8,15E+03;3,10E+02
3546009;Interior;Santa Branca;1,95E+03;5,64E+01;6,69E+03;1,90E+02
3546108;Interior;Santa Clara d'Oeste;3,74E+03;2,49E+02;1,03E+04;6,48E+02
3546207;Interior;Santa Cruz da Conceição;3,72E+03;4,60E+01;1,20E+04;2,53E+02
3546256;Interior;Santa Cruz da Esperança;1,49E+03;9,63E+01;8,04E+03;9,63E+01
3546306;Interior;Santa Cruz das Palmeiras;4,61E+03;6,82E+01;7,08E+03;2,94E+02
3546405;Interior;Santa Cruz do Rio Pardo;2,26E+03;2,39E+01;1,25E+04;3,49E+02
3546504;Interior;Santa Ernestina;3,37E+03;3,62E+01;6,50E+03;2,71E+02
3546603;Interior;Santa Fé do Sul;4,63E+03;1,49E+02;1,20E+04;2,73E+02
3546702;Interior;Santa Gertrudes;4,34E+03;8,78E+01;1,05E+04;2,02E+02
3546801;RMSP (exceto capital);Santa Isabel;3,35E+03;1,52E+02;8,12E+03;3,30E+02
3546900;Interior;Santa Lúcia;1,44E+03;5,84E+01;6,98E+03;2,10E+02
3547007;Interior;Santa Maria da Serra;2,23E+03;1,63E+01;1,14E+04;1,14E+02
3547106;Interior;Santa Mercedes;6,04E+02;3,55E+01;9,53E+03;2,84E+02
3547205;Interior;Santana da Ponte Pensa;1,33E+03;0,00E+00;2,45E+03;1,99E+02
3547304;RMSP (exceto capital);Santana de Parnaíba;3,70E+03;9,34E+01;7,88E+03;1,92E+02
3547403;Interior;Santa Rita d'Oeste;2,20E+03;4,16E+01;1,03E+04;4,58E+02
3547502;Interior;Santa Rita do Passa Quatro;1,77E+03;5,69E+01;4,94E+03;1,02E+02
3547601;Interior;Santa Rosa de Viterbo;2,10E+03;1,95E+01;7,45E+03;1,60E+02
3547650;Interior;Santa Salete;4,93E+03;2,08E+02;1,06E+04;2,78E+02
3547700;Interior;Santo Anastácio;2,14E+03;6,96E+01;7,75E+03;2,53E+02
3547809;RMSP (exceto capital);Santo André;4,03E+03;1,23E+02;5,72E+03;3,38E+02
3547908;Interior;Santo Antônio da Alegria;2,55E+03;4,52E+01;5,39E+03;2,71E+02
3548005;Interior;Santo Antônio de Posse;3,69E+03;5,69E+01;1,00E+04;1,88E+02
3548054;Interior;Santo Antônio do Aracanguá;2,23E+03;7,27E+01;5,49E+03;3,39E+02
3548104;Interior;Santo Antônio do Jardim;1,60E+03;5,15E+01;8,20E+03;3,09E+02
3548203;Interior;Santo Antônio do Pinhal;2,16E+03;4,53E+01;9,04E+03;7,54E+01
3548302;Interior;Santo Expedito;1,85E+03;6,73E+01;4,88E+03;1,35E+02
3548401;Interior;Santópolis do Aguapeí;2,42E+03;1,07E+02;9,75E+03;2,78E+02
3548500;Interior;Santos;7,54E+03;2,11E+02;7,08E+03;3,24E+02
3548609;Interior;São Bento do Sapucaí;1,24E+03;1,90E+01;6,41E+03;1,04E+02
3548708;RMSP (exceto capital);São Bernardo do Campo;4,17E+03;1,48E+02;4,74E+03;2,68E+02
3548807;RMSP (exceto capital);São Caetano do Sul;5,03E+03;2,09E+02;8,49E+03;4,30E+02
3548906;Interior;São Carlos;2,44E+03;3,09E+01;8,87E+03;1,92E+02
3549003;Interior;São Francisco;3,14E+03;1,49E+02;8,78E+03;3,74E+02
3549102;Interior;São João da Boa Vista;1,57E+03;3,89E+01;9,49E+03;3,21E+02
3549201;Interior;São João das Duas Pontes;3,31E+03;1,21E+02;5,25E+03;2,83E+02
3549250;Interior;São João de Iracema;2,54E+03;1,62E+02;7,08E+03;2,16E+02
3549300;Interior;São João do Pau d'Alho;4,03E+02;0,00E+00;9,37E+03;5,04E+01
3549409;Interior;São Joaquim da Barra;3,05E+03;6,37E+01;9,94E+03;2,73E+02
3549508;Interior;São José da Bela Vista;6,42E+02;5,73E+01;3,03E+03;1,49E+02
3549607;Interior;São José do Barreiro;5,90E+02;4,91E+01;6,86E+03;4,91E+01
3549706;Interior;São José do Rio Pardo;1,75E+03;5,07E+01;6,15E+03;2,41E+02
3549805;Interior;São José do Rio Preto;8,08E+03;2,05E+02;1,35E+04;4,28E+02
3549904;Interior;São José dos Campos;3,64E+03;7,67E+01;9,63E+03;2,02E+02
3549953;RMSP (exceto capital);São Lourenço da Serra;2,09E+03;6,42E+01;2,31E+03;1,80E+02
3550001;Interior;São Luiz do Paraitinga;1,70E+02;4,73E+01;8,80E+03;2,08E+02
3550100;Interior;São Manuel;1,64E+03;3,28E+01;1,27E+04;3,54E+02
3550209;Interior;São Miguel Arcanjo;1,04E+03;3,13E+01;5,63E+03;2,06E+02
3550308;Capital;São Paulo;3,38E+03;1,32E+02;4,85E+03;2,01E+02
3550407;Interior;São Pedro;2,94E+03;3,80E+01;1,41E+04;2,69E+02
3550506;Interior;São Pedro do Turvo;2,36E+03;4,07E+01;1,11E+04;1,36E+02
3550605;Interior;São Roque;2,01E+03;3,77E+01;6,03E+03;8,58E+01
3550704;Interior;São Sebastião;2,88E+03;5,39E+01;6,45E+03;1,43E+02
3550803;Interior;São Sebastião da Grama;1,90E+03;4,19E+01;8,03E+03;2,35E+02
3550902;Interior;São Simão;1,64E+03;4,71E+01;6,73E+03;1,48E+02
3551009;Interior;São Vicente;2,62E+03;1,49E+02;2,75E+03;2,26E+02
3551108;Interior;Sarapuí;3,56E+02;9,89E+00;4,74E+03;5,93E+01
3551207;Interior;Sarutaiá;1,76E+03;8,23E+01;1,73E+03;4,39E+02
3551306;Interior;Sebastianópolis do Sul;2,52E+03;3,04E+01;4,59E+03;1,82E+02
3551405;Interior;Serra Azul;6,14E+03;3,26E+01;5,11E+03;9,77E+01
3551504;Interior;Serrana;3,27E+03;1,10E+02;9,59E+03;1,51E+02
3551603;Interior;Serra Negra;1,81E+03;1,46E+01;9,39E+03;2,55E+02
3551702;Interior;Sertãozinho;4,66E+03;1,05E+02;1,18E+04;3,06E+02
3551801;Interior;Sete Barras;5,16E+03;1,11E+02;1,05E+04;2,38E+02
3551900;Interior;Severínia;4,67E+03;9,93E+01;8,65E+03;3,39E+02
3552007;Interior;Silveiras;9,35E+02;1,61E+01;7,85E+03;8,06E+01
3552106;Interior;Socorro;2,35E+03;3,35E+01;9,17E+03;1,62E+02
3552205;Interior;Sorocaba;3,50E+03;8,55E+01;8,30E+03;3,50E+02
3552304;Interior;Sud Mennucci;3,97E+03;1,30E+01;8,32E+03;1,94E+02
3552403;Interior;Sumaré;3,00E+03;8,76E+01;7,10E+03;2,18E+02
3552502;RMSP (exceto capital);Suzano;2,59E+03;9,90E+01;5,71E+03;2,33E+02
3552551;Interior;Suzanápolis;3,93E+03;5,07E+01;5,57E+03;2,53E+02
3552601;Interior;Tabapuã;4,07E+03;1,26E+02;1,22E+04;3,78E+02
3552700;Interior;Tabatinga;2,82E+03;9,44E+01;1,00E+04;2,83E+02
3552809;RMSP (exceto capital);Taboão da Serra;3,54E+03;1,24E+02;3,06E+03;2,13E+02
3552908;Interior;Taciba;2,11E+03;3,30E+01;1,17E+04;3,96E+02
3553005;Interior;Taguaí;4,20E+03;3,75E+01;1,55E+04;2,48E+02
3553104;Interior;Taiaçu;3,54E+03;1,66E+01;3,10E+03;1,82E+02
3553203;Interior;Taiúva;4,92E+03;7,96E+01;9,64E+03;1,75E+02
3553302;Interior;Tambaú;2,46E+03;5,26E+01;8,62E+03;1,67E+02
3553401;Interior;Tanabi;6,39E+03;1,23E+02;1,31E+04;3,39E+02
3553500;Interior;Tapiraí;2,48E+03;5,20E+01;8,68E+03;7,79E+01
3553609;Interior;Tapiratiba;2,16E+03;2,38E+01;1,19E+04;2,54E+02
3553658;Interior;Taquaral;3,93E+03;7,27E+01;9,56E+03;3,64E+02
3553708;Interior;Taquaritinga;2,62E+03;8,62E+01;9,73E+03;2,99E+02
3553807;Interior;Taquarituba;2,63E+03;3,88E+01;1,39E+04;4,35E+02
3553856;Interior;Taquarivaí;1,25E+03;3,48E+01;8,16E+03;3,13E+02
3553906;Interior;Tarabai;3,54E+03;8,25E+01;8,64E+03;3,44E+02
3553955;Interior;Tarumã;2,54E+03;4,05E+01;9,50E+03;3,17E+02
3554003;Interior;Tatuí;3,16E+03;8,24E+01;7,40E+03;3,06E+02
3554102;Interior;Taubaté;2,72E+03;6,60E+01;6,76E+03;2,65E+02
3554201;Interior;Tejupá;1,06E+03;0,00E+00;1,98E+03;1,92E+02
3554300;Interior;Teodoro Sampaio;2,94E+03;3,12E+01;1,05E+04;1,96E+02
3554409;Interior;Terra Roxa;3,43E+03;6,58E+01;9,44E+03;2,96E+02
3554508;Interior;Tietê;2,23E+03;6,57E+01;8,39E+03;2,24E+02
3554607;Interior;Timburi;1,10E+03;7,82E+01;5,75E+03;3,13E+02
3554656;Interior;Torre de Pedra;1,08E+03;1,29E+02;6,98E+03;3,45E+02
3554706;Interior;Torrinha;2,84E+03;6,18E+01;1,47E+04;1,65E+02
3554755;Interior;Trabiju;1,94E+03;0,00E+00;1,12E+04;1,76E+02
3554805;Interior;Tremembé;1,37E+03;8,70E+00;4,59E+03;1,13E+02
3554904;Interior;Três Fronteiras;5,23E+03;1,80E+02;1,08E+04;4,51E+02
3554953;Interior;Tuiuti;1,02E+03;1,53E+01;1,00E+04;3,05E+01
3555000;Interior;Tupã;2,23E+03;8,91E+01;9,23E+03;3,48E+02
3555109;Interior;Tupi Paulista;2,07E+03;2,69E+01;9,43E+03;3,02E+02
3555208;Interior;Turiúba;3,56E+03;1,05E+02;6,12E+03;1,05E+02
3555307;Interior;Turmalina;2,49E+03;0,00E+00;9,31E+03;2,77E+02
3555356;Interior;Ubarana;5,14E+03;8,24E+01;1,27E+04;2,14E+02
3555406;Interior;Ubatuba;3,01E+03;5,29E+01;6,15E+03;1,01E+02
3555505;Interior;Ubirajara;2,19E+03;2,14E+01;9,99E+03;2,14E+02
3555604;Interior;Uchoa;4,92E+03;1,14E+02;1,02E+04;1,96E+02
3555703;Interior;União Paulista;5,23E+03;1,73E+02;7,99E+03;1,73E+02
3555802;Interior;Urânia;5,89E+03;2,09E+02;1,06E+04;2,67E+02
3555901;Interior;Uru;5,22E+03;2,49E+02;8,95E+03;1,66E+02
3556008;Interior;Urupês;2,04E+03;1,06E+02;4,69E+03;2,51E+02
3556107;Interior;Valentim Gentil;7,05E+03;1,10E+02;1,30E+04;4,31E+02
3556206;Interior;Valinhos;3,34E+03;1,03E+02;9,03E+03;2,45E+02
3556305;Interior;Valparaíso;3,40E+03;8,75E+01;9,65E+03;2,54E+02
3556354;Interior;Vargem;8,40E+02;1,00E+01;3,32E+03;9,00E+01
3556404;Interior;Vargem Grande do Sul;2,93E+03;5,78E+01;4,97E+03;2,00E+02
3556453;RMSP (exceto capital);Vargem Grande Paulista;1,59E+03;6,44E+01;4,75E+03;1,50E+02
3556503;Interior;Várzea Paulista;1,86E+03;6,72E+01;5,98E+03;1,55E+02
3556602;Interior;Vera Cruz;1,81E+03;8,55E+01;4,52E+03;2,76E+02
3556701;Interior;Vinhedo;3,74E+03;5,80E+01;1,01E+04;2,19E+02
3556800;Interior;Viradouro;3,22E+03;5,45E+01;8,45E+03;4,58E+02
3556909;Interior;Vista Alegre do Alto;3,17E+03;3,74E+01;1,13E+04;2,12E+02
3556958;Interior;Vitória Brasil;2,39E+03;0,00E+00;1,28E+04;5,11E+02
3557006;Interior;Votorantim;2,86E+03;9,51E+01;6,94E+03;3,47E+02
3557105;Interior;Votuporanga;7,26E+03;1,34E+02;1,06E+04;3,69E+02
3557154;Interior;Zacarias;5,31E+03;3,91E+01;5,20E+03;3,52E+02
3557204;Interior;Chavantes;1,78E+03;1,64E+01;9,96E+03;3,85E+02
3557303;Interior;Estiva Gerbi;1,75E+03;6,32E+01;5,61E+03;2,35E+02
